{"cameraMode":{"drawMode":0,"name":"Shaded","section":"Shading Mode"},"sceneLighting":false,"audioPlay":false,"sceneViewState":{"m_AlwaysRefresh":false,"showFog":true,"showSkybox":false,"showFlares":true,"showImageEffects":true,"showParticleSystems":true,"showVisualEffectGraphs":true,"m_FxEnabled":true},"in2DMode":false,"pivot":{"x":1.18648362159729,"y":0.9411563873291016,"z":16.21945571899414},"rotation":{"x":-0.17159608006477357,"y":-0.023943236097693445,"z":0.004170839674770832,"w":-0.9848725199699402},"size":6.247888565063477,"orthographic":false}